{"PFL": {"bond": [[5.0, 0.5401525276980663], [30.0, 0.3338042716926591], [60.0, 0.05118360361238815], [90.0, 0.07485959699688637]], "own": [[2.0, 0.010649256108051902], [5.0, 0.03803680284675252], [6.0, 0.016498388185662603], [10.0, 0.02460702247196719], [12.0, 0.019826492616662313], [15.0, 0.07833351670807363], [19.0, 0.014676794337643156], [20.0, 0.05690972231830172], [23.0, 0.03009452175161839], [25.0, 0.011604320840387405], [30.0, 0.06766693971845006], [35.0, 0.1340582608072024], [45.0, 0.11418114643002415], [50.0, 0.00712901668261912], [55.0, 0.020164095740240154], [60.0, 0.019560668595814755], [65.0, 0.011662785154856357], [68.0, 0.07379270433683928], [90.0, 0.10183752074469096], [113.0, 0.019180785376442997], [135.0, 0.0522878710846348], [158.0, 0.03101789053869686], [180.0, 0.015152008271837674], [248.0, 0.018504877716084753], [270.0, 0.012566590616444832]], "illspouse": [[6.0, 0.11538328183252175], [10.0, 0.8846167181674782]], "illchild": [[4.0, 0.7680022220909402], [18.0, 0.14104284613477164], [36.0, 0.09095493177428833]], "illparent": [[1.0, 0.14804559010692733], [3.0, 0.1294273563347075], [5.0, 0.4646418667641264], [10.0, 0.0822559335775311], [23.0, 0.12428580156356571], [135.0, 0.05134345165314203]], "matdis": [[60.0, 0.10621076840807675], [68.0, 0.08423184477768925], [70.0, 0.5713146295252896], [90.0, 0.23824275728894445]]}, "non-PFL": {"bond": [[1.0, 0.008461522561173185], [2.0, 0.07269325363056649], [3.0, 0.08942137230937355], [4.0, 0.02135991035290237], [5.0, 0.17245322336845945], [8.0, 0.00565053236772541], [10.0, 0.1614189632013797], [13.0, 0.005431192404568647], [14.0, 0.004350039597296023], [15.0, 0.05330157178924205], [20.0, 0.031755282449819046], [25.0, 0.0047907462669342935], [30.0, 0.08075738080558599], [40.0, 0.012504232013800945], [45.0, 0.08627083291853865], [50.0, 0.021061927735983744], [60.0, 0.044052416836144845], [68.0, 0.050590096593520234], [90.0, 0.045126672690201985], [135.0, 0.009902331243808689], [270.0, 0.018646498862974807]], "own": [[1.0, 0.029148553667068137], [2.0, 0.04104671373789924], [3.0, 0.040609532453560804], [4.0, 0.05671499840835663], [5.0, 0.08367579169186219], [6.0, 0.017456976336743972], [7.0, 0.01213097630703599], [8.0, 0.011741203404893819], [9.0, 0.0026777400113995983], [10.0, 0.10357011844906701], [11.0, 0.0025784555870561653], [12.0, 0.010998066315994898], [13.0, 0.0019264843437930186], [14.0, 0.002701228840622488], [15.0, 0.08193125533509081], [16.0, 0.0014442980604774318], [17.0, 0.0024947010667017732], [19.0, 0.002225888590584003], [20.0, 0.06509720053589774], [22.0, 0.0023834271432839472], [23.0, 0.028898094382337047], [24.0, 0.0004917922232492345], [25.0, 0.030039257536972196], [28.0, 0.00175927088821882], [30.0, 0.0730721714945895], [35.0, 0.009362307348582989], [40.0, 0.022026737282463304], [44.0, 0.0007783637307212371], [45.0, 0.05267868045452784], [46.0, 0.001106728095007829], [47.0, 0.0007371295170702034], [50.0, 0.02127899676130018], [55.0, 0.009775902750676163], [60.0, 0.009705440453400412], [63.0, 0.0018894946537227851], [65.0, 0.004654948749433667], [68.0, 0.038341517650485255], [70.0, 0.00528805318673245], [75.0, 0.0037264032324524745], [80.0, 0.002598536253294537], [90.0, 0.031803566483736986], [105.0, 0.0019790449164840424], [106.0, 0.0018479180172873745], [110.0, 0.0011124334784099806], [113.0, 0.019888025693687448], [115.0, 0.0012196464243256194], [135.0, 0.018772976117642105], [158.0, 0.008532520381161967], [160.0, 0.0013041110706457847], [180.0, 0.005476627817024707], [203.0, 0.006321064494976538], [215.0, 0.0011690345207889775], [225.0, 0.0009501621360170709], [248.0, 0.004036273788787624], [270.0, 0.002285619792063982], [315.0, 0.0007222063850974559], [540.0, 0.0018153315492344779]], "illspouse": [[1.0, 0.019211324863606213], [2.0, 0.04171085239308075], [3.0, 0.08641698100007196], [4.0, 0.039782726349431946], [5.0, 0.10666701263814968], [6.0, 0.05057277326275874], [7.0, 0.03673776638185403], [8.0, 0.0089825380723727], [9.0, 0.008895504159784632], [10.0, 0.14333807907047594], [14.0, 0.006941485608756141], [15.0, 0.09829402371931663], [16.0, 0.0054675804978058795], [20.0, 0.11846864835758658], [21.0, 0.015083341588588461], [23.0, 0.06368231519552531], [25.0, 0.0426843461078045], [30.0, 0.005795783563054306], [40.0, 0.008158435284934594], [45.0, 0.018691463751804437], [55.0, 0.006024104654152247], [68.0, 0.029469513654989135], [90.0, 0.011857916637691077], [135.0, 0.021499603555375297], [203.0, 0.005565879631028919]], "illchild": [[1.0, 0.05639300345655535], [2.0, 0.043189074847101355], [3.0, 0.09023292480228459], [4.0, 0.1133476225983329], [5.0, 0.20653775560618468], [6.0, 0.05332156111913339], [7.0, 0.03895990158437134], [8.0, 0.011519097476365979], [10.0, 0.19316051251360414], [12.0, 0.021290326644178407], [15.0, 0.05220901163537889], [16.0, 0.016338533493286928], [20.0, 0.007169877364827013], [25.0, 0.01702138834293641], [30.0, 0.010456040356091188], [38.0, 0.004544024189603526], [40.0, 0.007072142569215485], [45.0, 0.017415827055140415], [50.0, 0.012822768481309768], [55.0, 0.009204172676181269], [135.0, 0.008666361947393298], [225.0, 0.009128071240523714]], "illparent": [[1.0, 0.052557103802051204], [2.0, 0.09862195176661595], [3.0, 0.041641451538537586], [4.0, 0.06580508089889794], [5.0, 0.11635143582578324], [6.0, 0.011559522617013143], [7.0, 0.011715802063532644], [8.0, 0.021697607980578525], [9.0, 0.02680997556724608], [10.0, 0.17808338819205552], [12.0, 0.01858798200290784], [13.0, 0.008371907279797076], [14.0, 0.005369251442317213], [15.0, 0.09671860752621571], [19.0, 0.012086177533875317], [20.0, 0.034027133232179436], [22.0, 0.003311957366678712], [23.0, 0.0043837984434962575], [25.0, 0.03724299289942942], [28.0, 0.005310805822070939], [30.0, 0.056187104071580084], [40.0, 0.009448230896404973], [45.0, 0.036020010541338805], [60.0, 0.013656823805543542], [68.0, 0.007367019873480006], [270.0, 0.027066877010372768]], "matdis": [[4.0, 0.05998819291542134], [5.0, 0.07715300067170294], [6.0, 0.03513037003383862], [8.0, 0.005594312237805244], [10.0, 0.03772042228441292], [13.0, 0.0015112346447431584], [20.0, 0.011855885720526626], [23.0, 0.029345732498789922], [25.0, 0.004842672597145763], [30.0, 0.10082348215854012], [35.0, 0.011052503517193881], [40.0, 0.1219564461031973], [45.0, 0.06392483601785406], [55.0, 0.02195516469191537], [60.0, 0.10664050195223446], [68.0, 0.04549144366845175], [70.0, 0.0549940487410541], [80.0, 0.005663926213609352], [90.0, 0.08723600084344582], [113.0, 0.02455834237009667], [135.0, 0.02125705910454811], [225.0, 0.01595859616874636], [270.0, 0.04390530418892513], [338.0, 0.006978529668044806], [540.0, 0.004461990987756367]]}}